--
-- PostgreSQL database dump
--

-- Dumped from database version 12.3
-- Dumped by pg_dump version 12.2

SET statement_timeout = 0;
SET lock_timeout = 0;
SET idle_in_transaction_session_timeout = 0;
SET client_encoding = 'UTF8';
SET standard_conforming_strings = on;
SELECT pg_catalog.set_config('search_path', '', false);
SET check_function_bodies = false;
SET xmloption = content;
SET client_min_messages = warning;
SET row_security = off;

SET default_tablespace = '';

SET default_table_access_method = heap;

--
-- Name: actors; Type: TABLE; Schema: public; Owner: chaolin
--

CREATE TABLE public.actors (
    id integer NOT NULL,
    name character varying NOT NULL,
    age integer NOT NULL,
    gender character varying NOT NULL
);


ALTER TABLE public.actors OWNER TO chaolin;

--
-- Name: actors_id_seq; Type: SEQUENCE; Schema: public; Owner: chaolin
--

CREATE SEQUENCE public.actors_id_seq
    AS integer
    START WITH 1
    INCREMENT BY 1
    NO MINVALUE
    NO MAXVALUE
    CACHE 1;


ALTER TABLE public.actors_id_seq OWNER TO chaolin;

--
-- Name: actors_id_seq; Type: SEQUENCE OWNED BY; Schema: public; Owner: chaolin
--

ALTER SEQUENCE public.actors_id_seq OWNED BY public.actors.id;


--
-- Name: movie_actor; Type: TABLE; Schema: public; Owner: chaolin
--

CREATE TABLE public.movie_actor (
    movie_id integer NOT NULL,
    actor_id integer NOT NULL
);


ALTER TABLE public.movie_actor OWNER TO chaolin;

--
-- Name: movies; Type: TABLE; Schema: public; Owner: chaolin
--

CREATE TABLE public.movies (
    id integer NOT NULL,
    title character varying NOT NULL,
    release_date timestamp without time zone
);


ALTER TABLE public.movies OWNER TO chaolin;

--
-- Name: movies_id_seq; Type: SEQUENCE; Schema: public; Owner: chaolin
--

CREATE SEQUENCE public.movies_id_seq
    AS integer
    START WITH 1
    INCREMENT BY 1
    NO MINVALUE
    NO MAXVALUE
    CACHE 1;


ALTER TABLE public.movies_id_seq OWNER TO chaolin;

--
-- Name: movies_id_seq; Type: SEQUENCE OWNED BY; Schema: public; Owner: chaolin
--

ALTER SEQUENCE public.movies_id_seq OWNED BY public.movies.id;


--
-- Name: actors id; Type: DEFAULT; Schema: public; Owner: chaolin
--

ALTER TABLE ONLY public.actors ALTER COLUMN id SET DEFAULT nextval('public.actors_id_seq'::regclass);


--
-- Name: movies id; Type: DEFAULT; Schema: public; Owner: chaolin
--

ALTER TABLE ONLY public.movies ALTER COLUMN id SET DEFAULT nextval('public.movies_id_seq'::regclass);


--
-- Data for Name: actors; Type: TABLE DATA; Schema: public; Owner: chaolin
--

COPY public.actors (id, name, age, gender) FROM stdin;
1	new_actor_test	20	Male
2	actor_1	30	female
3	actor_2	18	Female
4	actor_2	25	Male
5	actor_3	40	Male
6	actor_5	65	Male
\.


--
-- Data for Name: movie_actor; Type: TABLE DATA; Schema: public; Owner: chaolin
--

COPY public.movie_actor (movie_id, actor_id) FROM stdin;
1	5
1	6
3	1
3	3
3	6
\.


--
-- Data for Name: movies; Type: TABLE DATA; Schema: public; Owner: chaolin
--

COPY public.movies (id, title, release_date) FROM stdin;
1	New movie test	2020-06-03 11:28:45
2	movie_1	2020-08-10 00:00:00
3	movie_2	2020-09-15 00:00:00
4	movie_3	2020-07-25 00:00:00
5	movie_4	2020-11-05 00:00:00
6	movie_5	2020-12-30 00:00:00
\.


--
-- Name: actors_id_seq; Type: SEQUENCE SET; Schema: public; Owner: chaolin
--

SELECT pg_catalog.setval('public.actors_id_seq', 6, true);


--
-- Name: movies_id_seq; Type: SEQUENCE SET; Schema: public; Owner: chaolin
--

SELECT pg_catalog.setval('public.movies_id_seq', 6, true);


--
-- Name: actors actors_pkey; Type: CONSTRAINT; Schema: public; Owner: chaolin
--

ALTER TABLE ONLY public.actors
    ADD CONSTRAINT actors_pkey PRIMARY KEY (id);


--
-- Name: movie_actor movie_actor_pkey; Type: CONSTRAINT; Schema: public; Owner: chaolin
--

ALTER TABLE ONLY public.movie_actor
    ADD CONSTRAINT movie_actor_pkey PRIMARY KEY (movie_id, actor_id);


--
-- Name: movies movies_pkey; Type: CONSTRAINT; Schema: public; Owner: chaolin
--

ALTER TABLE ONLY public.movies
    ADD CONSTRAINT movies_pkey PRIMARY KEY (id);


--
-- Name: movie_actor movie_actor_actor_id_fkey; Type: FK CONSTRAINT; Schema: public; Owner: chaolin
--

ALTER TABLE ONLY public.movie_actor
    ADD CONSTRAINT movie_actor_actor_id_fkey FOREIGN KEY (actor_id) REFERENCES public.actors(id);


--
-- Name: movie_actor movie_actor_movie_id_fkey; Type: FK CONSTRAINT; Schema: public; Owner: chaolin
--

ALTER TABLE ONLY public.movie_actor
    ADD CONSTRAINT movie_actor_movie_id_fkey FOREIGN KEY (movie_id) REFERENCES public.movies(id);


--
-- PostgreSQL database dump complete
--

